name,profile,link
Kihyeon Kim,kihyeon_kim.jpg,
Minji Lee,minji_lee.jpg,
JongJin Lee,jongjin_lee.jpg,
Nadine Ben Amar,nadine_ben_amar.jpg,
Boseol Mun,boseol_mun.jpg,
Jaejin Lee,jaejin_lee.png,
Junyeob Park,junyeob_park.jpeg,
Yeonghun Kang,yeonghun_kang.jpeg,
